-- MySQL dump 10.13  Distrib 8.0.13, for Win64 (x86_64)
--
-- Host: localhost    Database: capsdb
-- ------------------------------------------------------
-- Server version	8.0.13

/*!40101 SET @OLD_CHARACTER_SET_CLIENT=@@CHARACTER_SET_CLIENT */;
/*!40101 SET @OLD_CHARACTER_SET_RESULTS=@@CHARACTER_SET_RESULTS */;
/*!40101 SET @OLD_COLLATION_CONNECTION=@@COLLATION_CONNECTION */;
 SET NAMES utf8 ;
/*!40103 SET @OLD_TIME_ZONE=@@TIME_ZONE */;
/*!40103 SET TIME_ZONE='+00:00' */;
/*!40014 SET @OLD_UNIQUE_CHECKS=@@UNIQUE_CHECKS, UNIQUE_CHECKS=0 */;
/*!40014 SET @OLD_FOREIGN_KEY_CHECKS=@@FOREIGN_KEY_CHECKS, FOREIGN_KEY_CHECKS=0 */;
/*!40101 SET @OLD_SQL_MODE=@@SQL_MODE, SQL_MODE='NO_AUTO_VALUE_ON_ZERO' */;
/*!40111 SET @OLD_SQL_NOTES=@@SQL_NOTES, SQL_NOTES=0 */;

--
-- Table structure for table `academictime`
--

DROP TABLE IF EXISTS `academictime`;
/*!40101 SET @saved_cs_client     = @@character_set_client */;
 SET character_set_client = utf8mb4 ;
CREATE TABLE `academictime` (
  `Year` int(11) NOT NULL,
  `Term1RegStartDate` datetime NOT NULL,
  `Term1RegEndDate` datetime NOT NULL,
  `Term1ExmResRlsDate` datetime NOT NULL,
  `Term2RegStartDate` datetime NOT NULL,
  `Term2RegEndDate` datetime NOT NULL,
  `Term2ExmResRlsDate` datetime NOT NULL,
  PRIMARY KEY (`Year`)
) ENGINE=InnoDB DEFAULT CHARSET=utf8;
/*!40101 SET character_set_client = @saved_cs_client */;

--
-- Dumping data for table `academictime`
--

LOCK TABLES `academictime` WRITE;
/*!40000 ALTER TABLE `academictime` DISABLE KEYS */;
INSERT INTO `academictime` VALUES (2018,'2018-06-20 09:00:00','2018-06-30 09:00:00','2018-06-12 09:00:00','2018-08-12 09:00:00','2018-12-16 09:00:00','2019-06-15 09:00:00'),(2019,'2019-06-20 09:00:00','2019-06-30 09:00:00','2019-06-12 09:00:00','2019-08-12 09:00:00','2019-12-16 09:00:00','2020-06-15 09:00:00');
/*!40000 ALTER TABLE `academictime` ENABLE KEYS */;
UNLOCK TABLES;

--
-- Table structure for table `course`
--

DROP TABLE IF EXISTS `course`;
/*!40101 SET @saved_cs_client     = @@character_set_client */;
 SET character_set_client = utf8mb4 ;
CREATE TABLE `course` (
  `CourseIndex` varchar(45) NOT NULL,
  `CourseID` varchar(45) DEFAULT NULL,
  `CourseName` varchar(100) DEFAULT NULL,
  `CourseDescription` text,
  `Faculty` varchar(45) DEFAULT NULL,
  `Credits` int(11) DEFAULT NULL,
  `ClassSize` int(11) DEFAULT NULL,
  `LectureSchedule` varchar(45) DEFAULT NULL,
  `StartDate` datetime DEFAULT NULL,
  `EndDate` datetime DEFAULT NULL,
  PRIMARY KEY (`CourseIndex`)
) ENGINE=InnoDB DEFAULT CHARSET=utf8;
/*!40101 SET character_set_client = @saved_cs_client */;

--
-- Dumping data for table `course`
--

LOCK TABLES `course` WRITE;
/*!40000 ALTER TABLE `course` DISABLE KEYS */;
INSERT INTO `course` VALUES ('C0000001','SA4102','Enterprise Solutions Design and Development','Be guided to perform the tasks and produce the deliverables in the various phases of an application development life cycle taking into consideration of iOT, mobile and smart devices through on-the-job training in a project team. User experience design concepts and Web & Mobile user interface design concepts will also be covered.','ISS',6,40,'10,30,50','2018-08-01 00:00:00','2018-11-30 00:00:00'),('C0000002','SA4105','Web Application Development','Perform web application development using ASP.NET development platform.\n\nDesigning Internet application\nCrafting the mobile-friendly user interface tailored for Internet platform\nInternet programming with Microsoft .NET Framework','ISS',8,40,'11,12,31,32','2018-08-01 00:00:00','2018-11-30 00:00:00'),('C0000003','SA4104','Software Engineering','Be introduced to the various hardware and software components that make up a distributed computing infrastructure as the foundation to cloud computing.','ISS',6,40,'25,45,55','2018-08-01 00:00:00','2018-11-30 00:00:00'),('C0000004','SA4108','Mobile Application Development','Grasp mobile application development using HTML5 for Mobile Web and Android for Native App.\n\nDesigning mobile applications\nCrafting the mobile user interface\nProgramming on HTML5 programming for Mobile Web and Android programming for Native App','ISS',6,40,'26,27,46,47','2018-08-01 00:00:00','2018-11-30 00:00:00'),('C0000005','SA4101','Software Analysis and Design','Learn the various types of IT professions and the organisation structure of a typical company’s IT department. Concepts from agile to DevOps to continuous delivery will also be introduced.\n\nRoles and Responsibilities\nProject Planning and Control\nChange Management and Control\n','ISS',6,40,'16,36,56','2018-08-01 00:00:00','2018-11-30 00:00:00'),('C0000006','MA1006','Mathematics ','The study of algebra, geometry and other advanced mathematics topics by blind individuals presents several challenges. One of the most serious of these is the fact that blind students cannot visualize the graphical representations of complex mathematical concepts which aid sighted students in their understanding of those concepts. An obvious example of this problem is the difficulty in representing three dimensional objects which may be the focus in the study of certain advanced topics such as geometry. ','Mathematics',3,80,'21,31','2018-08-01 00:00:00','2018-11-30 00:00:00'),('C0000007','CO1008','Computing','The electronic computer is one of the most important developments of the twentieth century. Like the industrial revolution of the nineteenth century, the computer and the information and communication\ntechnology built upon it have drastically changed business, culture, government and science, and have\ntouched nearly every aspect of our lives. This text introduces the field of computing and details the\nfundamental concepts and practices used in the development of computer applications.','Computing',3,80,'22,32,52','2018-08-01 00:00:00','2018-11-30 00:00:00'),('C0000008','PH1011','Physics','Introduction of Physics: Mechanics , Hydrodynamics, Thermodynamics covers the principles of matter and its motion through space and time, as well as the related concepts of energy and force. ','Physics',3,10,'17,37,57','2018-08-01 00:00:00','2018-11-30 00:00:00'),('C0000009','EN1073','An Introduction To Engineering & Practices','Lab C1: Resultants and equilibrium of forces\nLab C2: Deformation of elastic body\nLab M1: Work and energy\nLab M2: Conservation of momentum\nLab E1: Electric field\nLab E2: Magnetic field\nSeminar C1: Introduction to Civil and Environmental Engineering \nSeminar M1: Introduction to Mechanical and Aerospace Engineering \nSeminar E1: Introduction to Electrical and Electronic Engineering','Engineering',2,80,'28','2018-08-01 00:00:00','2018-11-30 00:00:00'),('C0000010','EN0110','Effective Communication','Effective communication is a key interpersonal skill and learning how we can improve our communication has many benefits. Communication is a two way process, so improving communication involves both how we send and receive messages.','Engineering',2,80,'27,28','2018-08-01 00:00:00','2018-11-30 00:00:00'),('C0000011','HS1022','Humanities & Social Sciences','This discipline is ideal for students who want to develop their capacity to think strategically, develop strong reporting abilities, and research and understanding of complex ideas. Career options for humanities graduates include social work, research, teaching and others.','Social Science',3,15,'17,37,57','2018-08-01 00:00:00','2018-11-30 00:00:00'),('C0000012','PH1002','Physics Foundation For Electrical & Electronic Engineering','Introduction of electromagnetic fields and applications. Electromagnetic in electronics, circuits and\ncommunications. Introduction to light and principles of geometric optics. Principles of wave optics.\nIntroduction to quantum physics and applications. Applications of quantum physics in electronics and\nlasers.','Physics',4,80,'18,19,38,39','2018-08-01 00:00:00','2018-11-30 00:00:00'),('C0000013','EN1003','Introduction To Materials For Electronics','An Introduction to Electronic Materials for Engineers aims to give a basic understanding and comprehensive overview of a wide range of materials, such as conducting materials, semiconductors, magnetic materials, optical materials, dielectric materials, superconductors, thermoelectric materials and ionic materials.','Engineering',4,12,'20,21,40,41','2018-08-01 00:00:00','2018-11-30 00:00:00'),('C0000014','EN2004','Digital Electronics','This course is to provide the readers to know how to analyze and implement the combinational circuits and sequential circuits. Based on the requirement, we can use either combinational circuit or sequential circuit or combination of both. After completing this tutorial, you will be able to learn the type of digital circuit, which is suitable for specific application.','Engineering',4,80,'27,47,57','2018-08-01 00:00:00','2018-11-30 00:00:00'),('C0000015','CO2008','Data Structure & Algorithms','This specialization is a mix of theory and practice: you will learn algorithmic techniques for solving various computational problems and will implement about 100 algorithmic coding problems in a programming language of your choice. No other online course in Algorithms even comes close to offering you a wealth of programming challenges that you may face at your next job interview. ','Computing',3,80,'12,52','2018-08-01 00:00:00','2018-11-30 00:00:00'),('C0000016','EC0210','Economics','Economics is a social science concerned with the production, distribution and consumption of goods and services. It studies how individuals, businesses, governments and nations make choices on allocating resources to satisfy their wants and needs, and tries to determine how these groups should organize and coordinate efforts to achieve maximum output.','Economics',3,80,'37,38','2018-08-01 00:00:00','2018-11-30 00:00:00'),('C0000017','MA2007','Statistics','There are two main branches of statistics: descriptive and inferential. Descriptive\nstatistics is used to say something about a set of information that has been\ncollected only. Inferential statistics is used to make predictions or comparisons\nabout a larger group (a population) using information gathered about a small\npart of that population. Thus, inferential statistics involves generalizing beyond\nthe data, something that descriptive statistics does not do.\n','Mathematics',4,80,'13,33,53','2018-08-01 00:00:00','2018-11-30 00:00:00'),('C0000018','BU3001','Business Analytics','The course aims to enable participants to understand and solve complex Business Analytics problems using appropriate analytics techniques and tools. Participants will be able to devise, refine and apply Business Analytics techniques and tools competently in solving analytical problems in different industries and sectors. Ultimately, this will lead to an appreciation of the current Business Analytics problems in the industry worldwide and foster confidence in contributing to problem resolutions.','Business',3,10,'26,56','2018-08-01 00:00:00','2018-11-30 00:00:00'),('C0000019','BU3002','Management','This module analyses the problems unique to family firms and discusses the solutions such as setting up good governance within the family and the firm to minimise such agency problems; structuring the ownership so as not to lose control while benefiting from external finance such as M&A, IPO, private equity funds; and succession planning.','Business',4,80,'48,49','2018-08-01 00:00:00','2018-11-30 00:00:00'),('C0000020','CO2142','Database Systems','The course reviews topics such as conceptual data modelling, relational data\nmodel, relational query languages, relational database design and transaction\nprocessing and current technologies such as semantic web, parallel and\nnoSQL databases. It exposes the student to the fundamental concepts and\ntechniques in database use and development as well provides a foundation\nfor research in databases.','Computing',3,80,'12,32,52','2018-08-01 00:00:00','2018-11-30 00:00:00'),('C0000021','CO2151','Data Mining','Data Mining is one of the hottest fields in Computer Science. Data has been accumulating throughout the computer age in many forms, including database systems, spreadsheets, text files, and recently web pages. These data have been stored on hard drives and temporary storage media. Database programs can query for specific information such as \"how many patients are over age 70,\" but there is potentially much more in the data than such specific information. The real treasure could be some interesting new patterns, that we don\'t even know that we should ask for, for example, \"the best predictor of Alzheimer disease for patients over 70 is the ratio of Tau and Ab42 proteins\".','Computing',3,80,'17,18,19','2018-08-01 00:00:00','2018-11-30 00:00:00'),('C0000022','CO2101','Operation Research','Operations Research (OR) is a discipline that helps to make better decisions in complex scenarios by the application of a set of advanced analytical methods. It couples theories, results and theorems of mathematics, statistics and probability with its own theories and algorithms for problem solving. Applications of OR techniques spread over various fields in engineering, management and public systems.  ','Computing',2,80,'14','2018-08-01 00:00:00','2018-11-30 00:00:00'),('C0000023','BU3003','Supply Chain Management','The course is a basic introduction to the field of logistics and supply chain management, including both defense logistics and commercial supply chain management. The objective of the course is to provide students a solid awareness and understanding of the processes and functions that comprise a supply chain. The course serves as the introductory course of a three course specialization in Supply Chains and Logistical Systems in the MBA program. Moreover, students are required to complete a term project to demonstrate their understanding of logistics and supply chain issues. Case analysis and hands-on experience in this class will offer students the opportunity to broaden their horizon on the critical roles that the supply chain plays in this globalized and interdependent world.','Business',3,80,'40,41','2018-08-01 00:00:00','2018-11-30 00:00:00'),('C0000024','HS1033','Behavioral Psychology','Behaviorism, also known as behavioral psychology, is a theory of learning based on the idea that all behaviors are acquired through conditioning. Conditioning occurs through interaction with the environment. Behaviorists believe that our responses to environmental stimuli shape our actions.','Social Science',4,80,'10,21,34','2018-08-01 00:00:00','2018-11-30 00:00:00'),('C0000025','EC0212','International  Economics And Trade','This introductory course in international trade familiarizes students with theories and policies that guide international trade. This course is usually taken in one of the first semesters of a degree program. Students learn why international trade is important for the U.S. and other nations, and they examine how it effects production, profit and the economy. Students analyze trade policies that are different than those that govern the U.S. discuss why those differences exist.','Economics',3,80,'42,34','2018-08-01 00:00:00','2018-11-30 00:00:00'),('C0000026','MA2018','Advanced Matlab Programming','In this course, you’ll discover MATLAB’s advanced features, syntaxes, and toolboxes. You’ll explore scientific computing topics such as numerical linear algebra, numerical optimization, and ordinary and partial differential equations. As a participant, you’ll receive a free MATLAB license for use throughout the course.','Mathematics',4,80,'44,54','2018-08-01 00:00:00','2018-11-30 00:00:00'),('C0000027','PH1020','Physical Experiment','This course provides an introduction to the methods of experimental physics.Particular emphasis is placed on three aspects of experimentation: laboratory technique, including both the execution and the documentation of an experiment; data analysis, including the treatment of statistical and systematic errors and computer-aided analysis of experimental data; and written communication of experimental procedures and results. The concepts and skills for measurement and data analysis are acquired gradually through a series of experiments covering a range of topics from mechanics to nuclear and atomic physics.','Physics',2,80,'14,35,46,56','2018-08-01 00:00:00','2018-11-30 00:00:00'),('C0000028','HS2020','Criminal Psychology','This course is delivered in a face-to-face mode with a blend of learning activities, w','Social Science',2,80,'23,34,45','2018-08-01 00:00:00','2018-11-30 00:00:00'),('C0000029','EC2213','Marketing','Marketing is a crucial function in all businesses and organization, and is becoming increasingly crucial to success in our modern global economy.','Economics',3,80,'22,44,58','2018-08-01 00:00:00','2018-11-30 00:00:00'),('C0000030','BU3004','Business Finance','Business finance is a field of study that is widely offered at schools. Courses in this field are available at all levels - from professional development workshops to doctoral programs.','Business',3,80,'19,36,47,54','2018-08-01 00:00:00','2018-11-30 00:00:00'),('C0000031','SA4102','Enterprise Solutions Design and Development','Be guided to perform the tasks and produce the deliverables in the various phases of an application development life cycle taking into consideration of iOT, mobile and smart devices through on-the-job training in a project team. User experience design concepts and Web & Mobile user interface design concepts will also be covered.','ISS',6,40,'10,30,50','2019-01-07 00:00:00','2019-04-26 00:00:00'),('C0000032','SA4105','Web Application Development','Perform web application development using ASP.NET development platform. Designing Internet application Crafting the mobile-friendly user interface tailored for Internet platform Internet programming with Microsoft .NET Framework','ISS',8,40,'11,12,31,32','2019-01-07 00:00:00','2019-04-26 00:00:00'),('C0000033','SA4104','Software Engineering','Be introduced to the various hardware and software components that make up a distributed computing infrastructure as the foundation to cloud computing.','ISS',6,40,'25,45,55','2019-01-07 00:00:00','2019-04-26 00:00:00'),('C0000034','SA4108','Mobile Application Development','Grasp mobile application development using HTML5 for Mobile Web and Android for Native App. Designing mobile applications Crafting the mobile user interface Programming on HTML5 programming for Mobile Web and Android programming for Native App','ISS',6,40,'26,27,46,47','2019-01-07 00:00:00','2019-04-26 00:00:00'),('C0000035','SA4101','Software Analysis and Design','Learn the various types of IT professions and the organisation structure of a typical company’s IT department. Concepts from agile to DevOps to continuous delivery will also be introduced.','ISS',6,40,'16,36,56','2019-01-07 00:00:00','2019-04-26 00:00:00'),('C0000036','MA1006','Mathematics ','The study of algebra, geometry and other advanced mathematics topics by blind individuals presents several challenges. One of the most serious of these is the fact that blind students cannot visualize the graphical representations of complex mathematical concepts which aid sighted students in their understanding of those concepts. An obvious example of this problem is the difficulty in representing three dimensional objects which may be the focus in the study of certain advanced topics such as geometry. ','Mathematics',3,80,'21,31','2019-01-07 00:00:00','2019-04-26 00:00:00'),('C0000037','CO1008','Computing','The electronic computer is one of the most important developments of the twentieth century. Like the industrial revolution of the nineteenth century, the computer and the information and communication technology built upon it have drastically changed business, culture, government and science, and have touched nearly every aspect of our lives. This text introduces the field of computing and details the fundamental concepts and practices used in the development of computer applications.','Computing',3,80,'22,32,52','2019-01-07 00:00:00','2019-04-26 00:00:00'),('C0000038','PH1011','Physics','Introduction of Physics: Mechanics , Hydrodynamics, Thermodynamics covers the principles of matter and its motion through space and time, as well as the related concepts of energy and force. ','Physics',3,10,'17,37,57','2019-01-07 00:00:00','2019-04-26 00:00:00'),('C0000039','EN1073','An Introduction To Engineering & Practices','Lab C1: Resultants and equilibrium of forces Lab C2: Deformation of elastic body Lab M1: Work and energy Lab M2: Conservation of momentum Lab E1: Electric field Lab E2: Magnetic field Seminar C1: Introduction to Civil and Environmental Engineering Seminar M1: Introduction to Mechanical and Aerospace Engineering Seminar E1: Introduction to Electrical and Electronic Engineering','Engineering',2,80,'28','2019-01-07 00:00:00','2019-04-26 00:00:00'),('C0000040','EN0110','Effective Communication','Effective communication is a key interpersonal skill and learning how we can improve our communication has many benefits. Communication is a two way process, so improving communication involves both how we send and receive messages.','Engineering',2,80,'27,28','2019-01-07 00:00:00','2019-04-26 00:00:00'),('C0000041','HS1022','Humanities & Social Sciences','This discipline is ideal for students who want to develop their capacity to think strategically, develop strong reporting abilities, and research and understanding of complex ideas. Career options for humanities graduates include social work, research, teaching and others.','Social Science',3,15,'17,37,57','2019-01-07 00:00:00','2019-04-26 00:00:00'),('C0000042','PH1002','Physics Foundation For Electrical & Electronic Engineering','Introduction of electromagnetic fields and applications. Electromagnetic in electronics, circuits and communications. Introduction to light and principles of geometric optics. Principles of wave optics.','Physics',4,80,'18,19,38,39','2019-01-07 00:00:00','2019-04-26 00:00:00'),('C0000043','EN1003','Introduction To Materials For Electronics','An Introduction to Electronic Materials for Engineers aims to give a basic understanding and comprehensive overview of a wide range of materials, such as conducting materials, semiconductors, magnetic materials, optical materials, dielectric materials, superconductors, thermoelectric materials and ionic materials.','Engineering',4,12,'20,21,40,41','2019-01-07 00:00:00','2019-04-26 00:00:00'),('C0000044','EN2004','Digital Electronics','This course is to provide the readers to know how to analyze and implement the combinational circuits and sequential circuits. Based on the requirement, we can use either combinational circuit or sequential circuit or combination of both. After completing this tutorial, you will be able to learn the type of digital circuit, which is suitable for specific application.','Engineering',4,80,'27,47,57','2019-01-07 00:00:00','2019-04-26 00:00:00'),('C0000045','CO2008','Data Structure & Algorithms','This specialization is a mix of theory and practice: you will learn algorithmic techniques for solving various computational problems and will implement about 100 algorithmic coding problems in a programming language of your choice. No other online course in Algorithms even comes close to offering you a wealth of programming challenges that you may face at your next job interview. ','Computing',3,80,'12,52','2019-01-07 00:00:00','2019-04-26 00:00:00'),('C0000046','EC0210','Economics','Economics is a social science concerned with the production, distribution and consumption of goods and services. It studies how individuals, businesses, governments and nations make choices on allocating resources to satisfy their wants and needs, and tries to determine how these groups should organize and coordinate efforts to achieve maximum output.','Economics',3,80,'37,38','2019-01-07 00:00:00','2019-04-26 00:00:00'),('C0000047','MA2007','Statistics','There are two main branches of statistics: descriptive and inferential. Descriptive\nstatistics is used to say something about a set of information that has been\ncollected only. Inferential statistics is used to make predictions or comparisons\nabout a larger group (a population) using information gathered about a small\npart of that population. Thus, inferential statistics involves generalizing beyond\nthe data, something that descriptive statistics does not do.\n','Mathematics',4,80,'13,33,53','2019-01-07 00:00:00','2019-04-26 00:00:00'),('C0000048','BU3001','Business Analytics','The course aims to enable participants to understand and solve complex Business Analytics problems using appropriate analytics techniques and tools. Participants will be able to devise, refine and apply Business Analytics techniques and tools competently in solving analytical problems in different industries and sectors. Ultimately, this will lead to an appreciation of the current Business Analytics problems in the industry worldwide and foster confidence in contributing to problem resolutions.','Business',3,10,'26,56','2019-01-07 00:00:00','2019-04-26 00:00:00'),('C0000049','BU3002','Management','This module analyses the problems unique to family firms and discusses the solutions such as setting up good governance within the family and the firm to minimise such agency problems; structuring the ownership so as not to lose control while benefiting from external finance such as M&A, IPO, private equity funds; and succession planning.','Business',4,80,'48,49','2019-01-07 00:00:00','2019-04-26 00:00:00'),('C0000050','CO2142','Database Systems','The course reviews topics such as conceptual data modelling, relational data\nmodel, relational query languages, relational database design and transaction\nprocessing and current technologies such as semantic web, parallel and\nnoSQL databases. It exposes the student to the fundamental concepts and\ntechniques in database use and development as well provides a foundation\nfor research in databases.','Computing',3,80,'12,32,52','2019-01-07 00:00:00','2019-04-26 00:00:00'),('C0000051','CO2151','Data Mining','Data Mining is one of the hottest fields in Computer Science. Data has been accumulating throughout the computer age in many forms, including database systems, spreadsheets, text files, and recently web pages. These data have been stored on hard drives and temporary storage media. Database programs can query for specific information such as \"how many patients are over age 70,\" but there is potentially much more in the data than such specific information. The real treasure could be some interesting new patterns, that we don\'t even know that we should ask for, for example, \"the best predictor of Alzheimer disease for patients over 70 is the ratio of Tau and Ab42 proteins\".','Computing',3,80,'17,18,19','2019-01-07 00:00:00','2019-04-26 00:00:00'),('C0000052','CO2101','Operation Research','Operations Research (OR) is a discipline that helps to make better decisions in complex scenarios by the application of a set of advanced analytical methods. It couples theories, results and theorems of mathematics, statistics and probability with its own theories and algorithms for problem solving. Applications of OR techniques spread over various fields in engineering, management and public systems.  ','Computing',2,80,'14','2019-01-07 00:00:00','2019-04-26 00:00:00'),('C0000053','BU3003','Supply Chain Management','The course is a basic introduction to the field of logistics and supply chain management, including both defense logistics and commercial supply chain management. The objective of the course is to provide students a solid awareness and understanding of the processes and functions that comprise a supply chain. The course serves as the introductory course of a three course specialization in Supply Chains and Logistical Systems in the MBA program. Moreover, students are required to complete a term project to demonstrate their understanding of logistics and supply chain issues. Case analysis and hands-on experience in this class will offer students the opportunity to broaden their horizon on the critical roles that the supply chain plays in this globalized and interdependent world.','Business',3,80,'40,41','2019-01-07 00:00:00','2019-04-26 00:00:00'),('C0000054','HS1033','Behavioral Psychology','Behaviorism, also known as behavioral psychology, is a theory of learning based on the idea that all behaviors are acquired through conditioning. Conditioning occurs through interaction with the environment. Behaviorists believe that our responses to environmental stimuli shape our actions.','Social Science',4,80,'10,21,34','2019-01-07 00:00:00','2019-04-26 00:00:00'),('C0000055','EC0212','International  Economics And Trade','This introductory course in international trade familiarizes students with theories and policies that guide international trade. This course is usually taken in one of the first semesters of a degree program. Students learn why international trade is important for the U.S. and other nations, and they examine how it effects production, profit and the economy. Students analyze trade policies that are different than those that govern the U.S. discuss why those differences exist.','Economics',3,80,'42,34','2019-01-07 00:00:00','2019-04-26 00:00:00'),('C0000056','MA2018','Advanced Matlab Programming','In this course, you’ll discover MATLAB’s advanced features, syntaxes, and toolboxes. You’ll explore scientific computing topics such as numerical linear algebra, numerical optimization, and ordinary and partial differential equations. As a participant, you’ll receive a free MATLAB license for use throughout the course.','Mathematics',4,80,'44,54','2019-01-07 00:00:00','2019-04-26 00:00:00'),('C0000057','PH1020','Physical Experiment','This course provides an introduction to the methods of experimental physics.Particular emphasis is placed on three aspects of experimentation: laboratory technique, including both the execution and the documentation of an experiment; data analysis, including the treatment of statistical and systematic errors and computer-aided analysis of experimental data; and written communication of experimental procedures and results. The concepts and skills for measurement and data analysis are acquired gradually through a series of experiments covering a range of topics from mechanics to nuclear and atomic physics.','Physics',2,80,'14,35,46,56','2019-01-07 00:00:00','2019-04-26 00:00:00'),('C0000058','HS2020','Criminal Psychology','This course is delivered in a face-to-face mode with a blend of learning activities, w','Social Science',2,80,'23,34,45','2019-01-07 00:00:00','2019-04-26 00:00:00'),('C0000059','EC2213','Marketing','Marketing is a crucial function in all businesses and organization, and is becoming increasingly crucial to success in our modern global economy.','Economics',3,80,'22,44,58','2019-01-07 00:00:00','2019-04-26 00:00:00'),('C0000060','BU3004','Business Finance','Business finance is a field of study that is widely offered at schools. Courses in this field are available at all levels - from professional development workshops to doctoral programs.','Business',3,80,'19,36,47,54','2019-01-07 00:00:00','2019-04-26 00:00:00');
/*!40000 ALTER TABLE `course` ENABLE KEYS */;
UNLOCK TABLES;

--
-- Table structure for table `lecturer`
--

DROP TABLE IF EXISTS `lecturer`;
/*!40101 SET @saved_cs_client     = @@character_set_client */;
 SET character_set_client = utf8mb4 ;
CREATE TABLE `lecturer` (
  `LecturerID` varchar(45) NOT NULL,
  `Faculty` varchar(45) DEFAULT NULL,
  PRIMARY KEY (`LecturerID`),
  CONSTRAINT `fk_Lecturer_User1` FOREIGN KEY (`LecturerID`) REFERENCES `user` (`userid`) ON DELETE CASCADE ON UPDATE CASCADE
) ENGINE=InnoDB DEFAULT CHARSET=utf8;
/*!40101 SET character_set_client = @saved_cs_client */;

--
-- Dumping data for table `lecturer`
--

LOCK TABLES `lecturer` WRITE;
/*!40000 ALTER TABLE `lecturer` DISABLE KEYS */;
INSERT INTO `lecturer` VALUES ('L0000001','Business'),('L0000002','Business'),('L0000003','Business'),('L0000004','Computing'),('L0000005','Computing'),('L0000006','Computing'),('L0000007','Computing'),('L0000008','Computing'),('L0000009','Economics'),('L0000010','Economics'),('L0000011','Economics'),('L0000012','Engineering'),('L0000013','Engineering'),('L0000014','Engineering'),('L0000015','Engineering'),('L0000016','ISS'),('L0000017','ISS'),('L0000018','ISS'),('L0000019','ISS'),('L0000020','ISS'),('L0000021','Mathematics'),('L0000022','Mathematics'),('L0000023','Mathematics'),('L0000024','Physics'),('L0000025','Physics'),('L0000026','Physics'),('L0000027','Social Science'),('L0000028','Social Science'),('L0000029','Social Science');
/*!40000 ALTER TABLE `lecturer` ENABLE KEYS */;
UNLOCK TABLES;

--
-- Table structure for table `lecturercourse`
--

DROP TABLE IF EXISTS `lecturercourse`;
/*!40101 SET @saved_cs_client     = @@character_set_client */;
 SET character_set_client = utf8mb4 ;
CREATE TABLE `lecturercourse` (
  `LecturerID` varchar(45) NOT NULL,
  `CourseIndex` varchar(45) NOT NULL,
  PRIMARY KEY (`LecturerID`,`CourseIndex`),
  KEY `fk_LecturerCourse_Course1` (`CourseIndex`),
  CONSTRAINT `fk_LecturerCourse_Course1` FOREIGN KEY (`CourseIndex`) REFERENCES `course` (`courseindex`),
  CONSTRAINT `fk_LecturerCourse_Lecturer1` FOREIGN KEY (`LecturerID`) REFERENCES `lecturer` (`lecturerid`)
) ENGINE=InnoDB DEFAULT CHARSET=utf8;
/*!40101 SET character_set_client = @saved_cs_client */;

--
-- Dumping data for table `lecturercourse`
--

LOCK TABLES `lecturercourse` WRITE;
/*!40000 ALTER TABLE `lecturercourse` DISABLE KEYS */;
INSERT INTO `lecturercourse` VALUES ('L0000016','C0000001'),('L0000018','C0000002'),('L0000017','C0000003'),('L0000019','C0000004'),('L0000020','C0000005'),('L0000021','C0000006'),('L0000004','C0000007'),('L0000024','C0000008'),('L0000012','C0000009'),('L0000013','C0000010'),('L0000027','C0000011'),('L0000025','C0000012'),('L0000015','C0000013'),('L0000014','C0000014'),('L0000005','C0000015'),('L0000009','C0000016'),('L0000022','C0000017'),('L0000001','C0000018'),('L0000002','C0000019'),('L0000006','C0000020'),('L0000007','C0000021'),('L0000008','C0000022'),('L0000002','C0000023'),('L0000028','C0000024'),('L0000010','C0000025'),('L0000023','C0000026'),('L0000026','C0000027'),('L0000029','C0000028'),('L0000011','C0000029'),('L0000003','C0000030');
/*!40000 ALTER TABLE `lecturercourse` ENABLE KEYS */;
UNLOCK TABLES;

--
-- Table structure for table `student`
--

DROP TABLE IF EXISTS `student`;
/*!40101 SET @saved_cs_client     = @@character_set_client */;
 SET character_set_client = utf8mb4 ;
CREATE TABLE `student` (
  `StudentID` varchar(45) NOT NULL,
  `EnrollmentDate` datetime DEFAULT NULL,
  PRIMARY KEY (`StudentID`),
  CONSTRAINT `fk_Student_User1` FOREIGN KEY (`StudentID`) REFERENCES `user` (`userid`)
) ENGINE=InnoDB DEFAULT CHARSET=utf8;
/*!40101 SET character_set_client = @saved_cs_client */;

--
-- Dumping data for table `student`
--

LOCK TABLES `student` WRITE;
/*!40000 ALTER TABLE `student` DISABLE KEYS */;
INSERT INTO `student` VALUES ('S1800001','2018-01-09 00:00:00'),('S1800002','2018-01-09 00:00:00'),('S1800003','2018-01-09 00:00:00'),('S1800004','2018-01-09 00:00:00'),('S1800005','2018-01-09 00:00:00'),('S1800006','2018-01-09 00:00:00'),('S1800007','2018-01-09 00:00:00'),('S1800008','2018-01-09 00:00:00'),('S1800009','2018-01-09 00:00:00'),('S1800010','2018-01-09 00:00:00'),('S1800011','2018-01-09 00:00:00'),('S1800012','2018-01-09 00:00:00'),('S1800013','2018-01-09 00:00:00'),('S1800014','2018-01-09 00:00:00'),('S1800015','2018-01-09 00:00:00'),('S1800016','2018-01-09 00:00:00'),('S1800017','2018-01-09 00:00:00'),('S1800018','2018-01-09 00:00:00'),('S1800019','2018-01-09 00:00:00'),('S1800020','2018-01-09 00:00:00'),('S1800021','2018-01-09 00:00:00'),('S1800022','2018-01-09 00:00:00'),('S1800023','2018-01-09 00:00:00'),('S1800024','2018-01-09 00:00:00'),('S1800025','2018-01-09 00:00:00'),('S1800026','2018-01-09 00:00:00'),('S1800027','2018-01-09 00:00:00'),('S1800028','2018-01-09 00:00:00'),('S1800029','2018-01-09 00:00:00'),('S1800030','2018-01-09 00:00:00'),('S1800031','2018-01-09 00:00:00'),('S1800032','2018-01-09 00:00:00'),('S1800033','2018-01-09 00:00:00'),('S1800034','2018-01-09 00:00:00'),('S1800035','2018-01-09 00:00:00'),('S1800036','2018-01-09 00:00:00'),('S1800037','2018-01-09 00:00:00'),('S1800038','2018-01-09 00:00:00'),('S1800039','2018-01-09 00:00:00'),('S1800040','2018-01-09 00:00:00'),('S1800041','2018-01-09 00:00:00'),('S1800042','2018-01-09 00:00:00'),('S1800043','2018-01-09 00:00:00'),('S1800044','2018-01-09 00:00:00'),('S1800045','2018-01-09 00:00:00'),('S1800046','2018-01-09 00:00:00'),('S1800047','2018-01-09 00:00:00'),('S1800048','2018-01-09 00:00:00'),('S1800049','2018-01-09 00:00:00'),('S1800050','2018-01-09 00:00:00'),('S1800051','2018-01-09 00:00:00'),('S1800052','2018-01-09 00:00:00'),('S1800053','2018-01-09 00:00:00'),('S1800054','2018-01-09 00:00:00'),('S1800055','2018-01-09 00:00:00'),('S1800056','2018-01-09 00:00:00'),('S1800057','2018-01-09 00:00:00'),('S1800058','2018-01-09 00:00:00'),('S1800059','2018-01-09 00:00:00'),('S1800060','2018-01-09 00:00:00'),('S1800061','2018-01-09 00:00:00'),('S1800062','2018-01-09 00:00:00'),('S1800063','2018-01-09 00:00:00'),('S1800064','2018-01-09 00:00:00'),('S1800065','2018-01-09 00:00:00'),('S1800066','2018-01-09 00:00:00'),('S1800067','2018-01-09 00:00:00'),('S1800068','2018-01-09 00:00:00'),('S1800069','2018-01-09 00:00:00'),('S1800070','2018-01-09 00:00:00'),('S1800071','2018-01-09 00:00:00'),('S1800072','2018-01-09 00:00:00'),('S1800073','2018-01-09 00:00:00'),('S1800074','2018-01-09 00:00:00'),('S1800075','2018-01-09 00:00:00'),('S1800076','2018-01-09 00:00:00'),('S1800077','2018-01-09 00:00:00'),('S1800078','2018-01-09 00:00:00'),('S1800079','2018-01-09 00:00:00'),('S1800080','2018-01-09 00:00:00'),('S1800081','2018-01-09 00:00:00'),('S1800082','2018-01-09 00:00:00'),('S1800083','2018-01-09 00:00:00'),('S1800084','2018-01-09 00:00:00'),('S1800085','2018-01-09 00:00:00'),('S1800086','2018-01-09 00:00:00'),('S1800087','2018-01-09 00:00:00'),('S1800088','2018-01-09 00:00:00'),('S1800089','2018-01-09 00:00:00'),('S1800090','2018-01-09 00:00:00'),('S1800091','2018-01-09 00:00:00'),('S1800092','2018-01-09 00:00:00'),('S1800093','2018-01-09 00:00:00'),('S1800094','2018-01-09 00:00:00'),('S1800095','2018-01-09 00:00:00'),('S1800096','2018-01-09 00:00:00'),('S1800097','2018-01-09 00:00:00'),('S1800098','2018-01-09 00:00:00'),('S1800099','2018-01-09 00:00:00'),('S1800100','2018-01-09 00:00:00'),('S1800101','2018-01-09 00:00:00'),('S1800102','2018-01-09 00:00:00'),('S1800103','2018-01-09 00:00:00'),('S1800104','2018-01-09 00:00:00'),('S1800105','2018-01-09 00:00:00'),('S1800106','2018-01-09 00:00:00'),('S1800107','2018-01-09 00:00:00'),('S1800108','2018-01-09 00:00:00');
/*!40000 ALTER TABLE `student` ENABLE KEYS */;
UNLOCK TABLES;

--
-- Table structure for table `studentcourse`
--

DROP TABLE IF EXISTS `studentcourse`;
/*!40101 SET @saved_cs_client     = @@character_set_client */;
 SET character_set_client = utf8mb4 ;
CREATE TABLE `studentcourse` (
  `Student_StudentID` varchar(45) NOT NULL,
  `CourseIndex` varchar(45) NOT NULL,
  `CAGrade` int(11) DEFAULT NULL,
  `ExamGrade` int(11) DEFAULT NULL,
  `Status` varchar(45) DEFAULT NULL,
  `EnrollTime` datetime DEFAULT NULL,
  PRIMARY KEY (`Student_StudentID`,`CourseIndex`),
  KEY `fk_StudentCourse_Course1` (`CourseIndex`),
  CONSTRAINT `fk_StudentCourse_Course1` FOREIGN KEY (`CourseIndex`) REFERENCES `course` (`courseindex`),
  CONSTRAINT `fk_StudentCourse_Student1` FOREIGN KEY (`Student_StudentID`) REFERENCES `student` (`studentid`)
) ENGINE=InnoDB DEFAULT CHARSET=utf8;
/*!40101 SET character_set_client = @saved_cs_client */;

--
-- Dumping data for table `studentcourse`
--

LOCK TABLES `studentcourse` WRITE;
/*!40000 ALTER TABLE `studentcourse` DISABLE KEYS */;
INSERT INTO `studentcourse` VALUES ('S1800001','C0000001',95,97,'Finished','2018-06-20 09:12:00'),('S1800001','C0000002',96,93,'Finished','2018-06-20 09:12:00'),('S1800001','C0000003',97,81,'Finished','2018-06-20 09:12:00'),('S1800001','C0000038',-1,-1,'Enrolled','2018-12-08 09:12:00'),('S1800001','C0000043',-1,-1,'Enrolled','2018-12-08 09:12:00'),('S1800001','C0000049',-1,-1,'Enrolled','2018-12-08 09:12:00'),('S1800002','C0000001',95,96,'Finished','2018-06-20 09:48:00'),('S1800002','C0000002',92,99,'Finished','2018-06-20 09:48:00'),('S1800002','C0000004',90,86,'Finished','2018-06-20 09:48:00'),('S1800002','C0000005',90,90,'Finished','2018-06-20 09:48:00'),('S1800002','C0000038',-1,-1,'Enrolled','2018-12-08 09:48:00'),('S1800002','C0000043',-1,-1,'Enrolled','2018-12-08 09:48:00'),('S1800002','C0000049',-1,-1,'Enrolled','2018-12-08 09:48:00'),('S1800003','C0000005',71,71,'Finished','2018-06-20 12:41:00'),('S1800003','C0000042',-1,-1,'Pending','2018-12-08 12:41:00'),('S1800004','C0000026',-1,-1,'Cancelled','2018-06-20 11:02:00'),('S1800004','C0000050',-1,-1,'Pending','2018-12-08 13:09:00'),('S1800005','C0000026',87,100,'Finished','2018-06-20 12:26:00'),('S1800005','C0000042',-1,-1,'Pending','2018-12-08 13:10:00'),('S1800006','C0000017',82,69,'Finished','2018-06-20 10:38:00'),('S1800006','C0000051',-1,-1,'Pending','2018-12-08 16:15:00'),('S1800007','C0000002',83,97,'Finished','2018-06-20 14:23:00'),('S1800007','C0000042',-1,-1,'Pending','2018-12-08 11:02:00'),('S1800008','C0000012',-1,-1,'Cancelled','2018-06-20 18:00:00'),('S1800009','C0000014',67,82,'Finished','2018-06-20 18:22:00'),('S1800009','C0000051',-1,-1,'Pending','2018-12-08 11:23:00'),('S1800010','C0000022',-1,-1,'Cancelled','2018-06-20 16:15:00'),('S1800010','C0000042',-1,-1,'Pending','2018-12-08 09:53:00'),('S1800011','C0000042',-1,-1,'Pending','2018-12-08 10:34:00'),('S1800012','C0000005',73,70,'Finished','2018-06-20 09:19:00'),('S1800013','C0000050',-1,-1,'Pending','2018-12-08 10:17:00'),('S1800014','C0000017',94,99,'Finished','2018-06-20 19:32:00'),('S1800015','C0000009',80,83,'Finished','2018-06-20 09:01:00'),('S1800016','C0000010',84,99,'Finished','2018-06-20 13:44:00'),('S1800017','C0000042',-1,-1,'Pending','2018-12-08 11:54:00'),('S1800018','C0000051',-1,-1,'Pending','2018-12-08 17:17:00'),('S1800019','C0000018',89,99,'Finished','2018-06-20 16:56:00'),('S1800020','C0000014',93,66,'Finished','2018-06-20 09:01:00'),('S1800021','C0000009',70,87,'Finished','2018-06-20 13:18:00'),('S1800022','C0000023',84,69,'Finished','2018-06-20 19:03:00'),('S1800023','C0000009',67,65,'Finished','2018-06-20 16:35:00'),('S1800024','C0000028',87,79,'Finished','2018-06-20 13:38:00'),('S1800025','C0000021',77,93,'Finished','2018-06-20 17:05:00'),('S1800026','C0000022',70,100,'Finished','2018-06-20 16:12:00'),('S1800027','C0000027',76,88,'Finished','2018-06-20 13:07:00'),('S1800028','C0000016',87,92,'Finished','2018-06-20 09:17:00'),('S1800029','C0000025',83,93,'Finished','2018-06-20 11:54:00'),('S1800030','C0000024',100,86,'Finished','2018-06-20 19:56:00'),('S1800031','C0000006',75,89,'Finished','2018-06-20 14:31:00'),('S1800032','C0000010',99,96,'Finished','2018-06-20 16:14:00'),('S1800033','C0000007',67,95,'Finished','2018-06-20 09:35:00'),('S1800034','C0000004',71,84,'Finished','2018-06-20 11:40:00'),('S1800035','C0000003',87,97,'Finished','2018-06-20 15:46:00'),('S1800036','C0000005',86,68,'Finished','2018-06-20 09:07:00'),('S1800037','C0000014',94,97,'Finished','2018-06-20 12:48:00'),('S1800038','C0000017',99,84,'Finished','2018-06-20 14:23:00'),('S1800039','C0000024',75,98,'Finished','2018-06-20 10:12:00'),('S1800040','C0000018',71,87,'Finished','2018-06-20 19:39:00'),('S1800041','C0000012',71,94,'Finished','2018-06-20 09:18:00'),('S1800042','C0000022',79,95,'Finished','2018-06-20 19:04:00'),('S1800043','C0000001',78,71,'Finished','2018-06-20 14:32:00'),('S1800044','C0000019',79,84,'Finished','2018-06-20 10:19:00'),('S1800045','C0000023',75,79,'Finished','2018-06-20 17:39:00'),('S1800046','C0000017',77,100,'Finished','2018-06-20 10:07:00'),('S1800047','C0000029',69,92,'Finished','2018-06-20 11:04:00'),('S1800048','C0000012',89,70,'Finished','2018-06-20 10:28:00'),('S1800049','C0000001',83,74,'Finished','2018-06-20 12:10:00'),('S1800050','C0000011',92,65,'Finished','2018-06-20 18:55:00'),('S1800051','C0000006',67,99,'Finished','2018-06-20 09:03:00'),('S1800052','C0000021',74,99,'Finished','2018-06-20 19:58:00'),('S1800053','C0000023',80,85,'Finished','2018-06-20 16:52:00'),('S1800054','C0000002',87,69,'Finished','2018-06-20 13:54:00'),('S1800055','C0000015',94,66,'Finished','2018-06-20 16:09:00'),('S1800056','C0000025',88,75,'Finished','2018-06-20 19:44:00'),('S1800057','C0000002',87,76,'Finished','2018-06-20 10:59:00'),('S1800058','C0000021',94,79,'Finished','2018-06-20 12:06:00'),('S1800059','C0000006',79,94,'Finished','2018-06-20 10:29:00'),('S1800060','C0000013',69,98,'Finished','2018-06-20 16:50:00'),('S1800061','C0000029',79,90,'Finished','2018-06-20 14:10:00'),('S1800062','C0000002',96,72,'Finished','2018-06-20 12:35:00'),('S1800063','C0000026',80,75,'Finished','2018-06-20 12:11:00'),('S1800064','C0000002',80,91,'Finished','2018-06-20 12:50:00'),('S1800065','C0000005',69,91,'Finished','2018-06-20 11:37:00'),('S1800066','C0000019',99,72,'Finished','2018-06-20 13:25:00'),('S1800067','C0000002',73,72,'Finished','2018-06-20 14:24:00'),('S1800068','C0000011',93,86,'Finished','2018-06-20 10:58:00'),('S1800069','C0000003',73,88,'Finished','2018-06-20 14:29:00'),('S1800070','C0000002',94,73,'Finished','2018-06-20 18:22:00'),('S1800071','C0000030',66,90,'Finished','2018-06-20 09:23:00'),('S1800072','C0000020',69,65,'Finished','2018-06-20 19:02:00'),('S1800073','C0000026',98,80,'Finished','2018-06-20 18:08:00'),('S1800074','C0000011',97,77,'Finished','2018-06-20 19:16:00'),('S1800075','C0000024',87,95,'Finished','2018-06-20 10:11:00'),('S1800076','C0000001',77,72,'Finished','2018-06-20 14:37:00'),('S1800077','C0000016',92,95,'Finished','2018-06-20 11:26:00'),('S1800078','C0000011',69,88,'Finished','2018-06-20 12:27:00'),('S1800079','C0000016',76,65,'Finished','2018-06-20 13:12:00'),('S1800080','C0000025',73,67,'Finished','2018-06-20 17:29:00'),('S1800081','C0000030',68,92,'Finished','2018-06-20 19:03:00'),('S1800082','C0000015',69,87,'Finished','2018-06-20 17:42:00'),('S1800083','C0000022',81,89,'Finished','2018-06-20 15:21:00'),('S1800084','C0000013',66,72,'Finished','2018-06-20 15:30:00'),('S1800085','C0000013',95,93,'Finished','2018-06-20 12:17:00'),('S1800086','C0000019',74,72,'Finished','2018-06-20 18:49:00'),('S1800087','C0000019',76,90,'Finished','2018-06-20 17:33:00'),('S1800088','C0000008',99,69,'Finished','2018-06-20 19:17:00'),('S1800089','C0000019',74,91,'Finished','2018-06-20 15:43:00'),('S1800090','C0000022',79,79,'Finished','2018-06-20 11:41:00'),('S1800091','C0000027',73,90,'Finished','2018-06-20 11:36:00'),('S1800092','C0000013',65,74,'Finished','2018-06-20 10:37:00'),('S1800093','C0000001',65,87,'Finished','2018-06-20 19:11:00'),('S1800094','C0000008',94,86,'Finished','2018-06-20 19:39:00'),('S1800095','C0000018',100,67,'Finished','2018-06-20 19:57:00'),('S1800096','C0000017',76,75,'Finished','2018-06-20 10:51:00'),('S1800097','C0000003',92,86,'Finished','2018-06-20 16:16:00'),('S1800098','C0000023',66,66,'Finished','2018-06-20 18:24:00'),('S1800099','C0000019',86,90,'Finished','2018-06-20 09:58:00'),('S1800100','C0000005',88,74,'Finished','2018-06-20 19:56:00'),('S1800101','C0000028',68,91,'Finished','2018-06-20 12:31:00'),('S1800102','C0000014',76,66,'Finished','2018-06-20 12:19:00'),('S1800103','C0000016',83,85,'Finished','2018-06-20 10:28:00'),('S1800104','C0000020',75,72,'Finished','2018-06-20 15:37:00'),('S1800105','C0000001',100,76,'Finished','2018-06-20 18:10:00'),('S1800106','C0000025',87,73,'Finished','2018-06-20 12:09:00'),('S1800107','C0000011',65,75,'Finished','2018-06-20 09:58:00');
/*!40000 ALTER TABLE `studentcourse` ENABLE KEYS */;
UNLOCK TABLES;

--
-- Table structure for table `user`
--

DROP TABLE IF EXISTS `user`;
/*!40101 SET @saved_cs_client     = @@character_set_client */;
 SET character_set_client = utf8mb4 ;
CREATE TABLE `user` (
  `UserID` varchar(45) NOT NULL,
  `UserType` varchar(45) DEFAULT NULL,
  `Password` varchar(45) DEFAULT NULL,
  `LastName` varchar(45) DEFAULT NULL,
  `FirstMidName` varchar(45) DEFAULT NULL,
  `Phone` int(11) DEFAULT NULL,
  `Email` varchar(45) DEFAULT NULL,
  `Address` varchar(100) DEFAULT NULL,
  PRIMARY KEY (`UserID`)
) ENGINE=InnoDB DEFAULT CHARSET=utf8;
/*!40101 SET character_set_client = @saved_cs_client */;

--
-- Dumping data for table `user`
--

LOCK TABLES `user` WRITE;
/*!40000 ALTER TABLE `user` DISABLE KEYS */;
INSERT INTO `user` VALUES ('A0000002','Admin','','Tan','Jaime',82587255,'jaime@nus.edu.sg','Blk 105, Gangsa Road, #02-103, Singapore 132367'),('A0000003','Admin','','Tay','Jocelyn',94852346,'jocelyn@nus.edu.sg','Blk 253, Kim Keat Link, #01-126 Singapore 142345'),('A0000004','Admin','','Wong','Pui Chui',82273652,'puichui@nus.edu.sg','Blk 671, Woodlands Dr 71 #04-51, Singapore 180512'),('A0000005','Admin','','Hoo','Jessie',94576201,'jessie@nus.edu.sg','Blk 56, #08-161 Telok Blangah Heights, Singapore 100410'),('A0000006','Admin','','Chua','Levilyn',93746237,'levilyn@nus.edu.sg','Blk 267 Sembawang Drive #08-349 Singapore 122369'),('A0000007','Admin','','Leong','Andrew',81263276,'andrew@nus.edu.sg','Blk 417, Woodlands St 41, #02-143, Singapore 132573'),('A0000008','Admin','','Lau','Natalie',92348735,'natalie@nus.edu.sg','Blk 26, Bayshore Road, #23-07, Singapore 151647'),('L0000001','Lecturer','','Tan','Esther',94722947,'esther@nus.edu.sg','Blk 26, Telok Blangah Crescent #22-87, Singapore  120409'),('L0000002','Lecturer','','Chia','Yuen Kwan',83946383,'yuenkwan@nus.edu.sg','Blk 1007 Teresa Ville Lower Delta Road #06-02, Singapore 110410'),('L0000003','Lecturer','','Kiong','Derek',94683843,'derek@nus.edu.sg','Blk 63 Bishan St 21 #06-01, Singapore 121057'),('L0000004','Lecturer','','Ramanathan','Venkat',94067353,'venkat@nus.edu.sg','Blk 109 Bedok North Rd #06-2316, Singapore 111046'),('L0000005','Lecturer','','Ouh','Eng Lieh',84573024,'englieh@nus.edu.sg','Blk 244, Bukit Panjang Ring Road, #11-184, Singapore 202367'),('L0000006','Lecturer','','Heng','Boon Kui',83627492,'boonkui@nus.edu.sg','Blk 232, Jurong East Street 21 #02-436, Singapore 131234'),('L0000007','Lecturer','','Asaithambi','Suria',93409453,'suria@nus.edu.sg','Blk 99, Balestier Road, #12-168, Singapore 141232'),('L0000008','Lecturer','','Irawan','Yunghans',95054834,'yunghans@nus.edu.sg','Blk 20, Eunos Crescent, #04-2965, Singapore 151400'),('L0000009','Lecturer','','Lee','Boon Kee',92341494,'boonkee@nus.edu.sg','Blk 61, Upper Paya Lebar Road, Singapore 101953'),('L0000010','Lecturer','','Seah','Felicitas',82612527,'felicitas@nus.edu.sg','Blk 89, Zion Road, #16-137, Singapore 110316'),('L0000011','Lecturer','','Choo','Zhi Min',92721214,'zhimin@nus.edu.sg','Block 88 Demsey Road #01-01, Singapore 151234'),('L0000012','Lecturer','','Ng','Eng Soon',86324043,'engsoon@nus.edu.sg','Blk 749, Pasir Ris St 71, #09-66, Singapore 151651'),('L0000013','Lecturer','','Lee','Chuk Munn',92326560,'chukmunn@nus.edu.sg','Blk 12, Dover Close East, #08-208, Singapore 101027'),('L0000014','Lecturer','','Hodsworth','Samanthas',86325418,'samanthas@nus.edu.sg','456 Alexandra Road #16-02 NOL Building, Singapore 119962'),('L0000015','Lecturer','','Davolio','Nancy',87131927,'nancy@nus.edu.sg','35 Gul Crescent, Singapore 629544'),('L0000016','Lecturer','','Fuller','Andrew',86543352,'andrew@nus.edu.sg','Block 1090 Lower Delta Road 03-01 Singapore 16920'),('L0000017','Lecturer','','Leverling','Janet',81743349,'janet@nus.edu.sg','50 Tagore Lane #05-06 Entrepreneur Centre, Singapore 787494'),('L0000018','Lecturer','','Peacock','Margaret',91863843,'margaret@nus.edu.sg','15 Tuas Avenue 10 Jurong, Singapore 639139'),('L0000019','Lecturer','','Buchanan','Steven',84744530,'steven@nus.edu.sg','Blk 194, Pandan Loop #02-17, Pantech Ind Complex Singapore 128383'),('L0000020','Lecturer','','Suyama','Michael',84998603,'michael@nus.edu.sg','22 Ean Kiam Place, Singapore 429114'),('L0000021','Lecturer','','King','Robert',96719612,'robert@nus.edu.sg','10 Anson Road, International Plaza, #10-11, Singapore 079903'),('L0000022','Lecturer','','Callahan','Laura',85753836,'laura@nus.edu.sg','19 Kaki Bukit Place Eunos Techpark, Singapore 416197'),('L0000023','Lecturer','','Dodsworth','Anne',99857002,'anne@nus.edu.sg','79 Anson Road #10-03, Singapore 079906'),('L0000024','Lecturer','','Liu','Cong',93254536,'liucong@nus.edu.sg','4 Shenton Way #10-03 Sgx Centre, Singapore  068807,'),('L0000025','Lecturer','','Song','Weijia',84198347,'song.weijia@u.nus.edu','133 New Bridge Road 12-07 Chinatown Point, Singapore 059413'),('L0000026','Lecturer','','Li','Zhuo',86955694,'lizhuo@u.nus.edu','15 Tuas View Square, Singapore 637556'),('L0000027','Lecturer','','Tang','Jin',82250821,'tangjin@u.nus.edu','20 Upper Circular Road #03-06A The Riverwalk, Singapore 058416,'),('L0000028','Lecturer','','Messi','Antonio',97809394,'antonio@u.nus.edu','72 Bukit Tinggi road, Singapore 289760'),('L0000029','Lecturer','','Cooper','Tiegan',81209245,'tiegan@u.nus.edu','Blk101 Thomson Road #07-02 UNITED SQUARE, Singapore 307591'),('S1800001','Student','','Sun','Mingyi',82629493,'e0338082@u.nus.edu','Ubi Road 1, #04-276, Singapore 408702'),('S1800002','Student','','Feng','Yuxi',89192730,'feng.yuxi@u.nus.edu','Blk 513 Pasir Ris Street 52 #10-105, Singapore 510513'),('S1800003','Student','','Png','Adam',99845982,'adam@u.nus.edu','Blk 710 Ang Mo Kio Ave 8 #04-2613, Singapore 162056'),('S1800004','Student','','Ashiq','Aisha',82786235,'aisha@u.nus.edu','Blk 26, Telok Blangah Crescent #22-87, Singapore  120409'),('S1800005','Student','','Sim','Alexander',97652784,'alexander@u.nus.edu','Blk 1007 Teresa Ville Lower Delta Road #06-02, Singapore 110410'),('S1800006','Student','','Ang','Thavit',97454522,'thavit@u.nus.edu','Blk 63 Bishan St 21 #06-01, Singapore 121057'),('S1800007','Student','','Myint','Aye',92876257,'ayemyint@u.nus.edu','Blk 109 Bedok North Rd #06-2316, Singapore 111046'),('S1800008','Student','','Nicoletta','Bessa',82375626,'bessa@u.nus.edu','Blk 244, Bukit Panjang Ring Road, #11-184, Singapore 202367'),('S1800009','Student','','Cen','Xudong',82837287,'xudong@u.nus.edu','Blk 232, Jurong East Street 21 #02-436, Singapore 131234'),('S1800010','Student','','Chai','Jia En',92627685,'jiaen@u.nus.edu','Blk 99, Balestier Road, #12-168, Singapore 141232'),('S1800011','Student','','Chan','Tsz Ying',82876324,'tszying@u.nus.edu','Blk 20, Eunos Crescent, #04-2965, Singapore 151400'),('S1800012','Student','','Chan','Elaine',92837625,'elainechan@u.nus.edu','Blk 61, Upper Paya Lebar Road, Singapore 101953'),('S1800013','Student','','Chen','Yifan',88276575,'yifan@u.nus.edu','Blk 89, Zion Road, #16-137, Singapore 110316'),('S1800014','Student','','Cheng','Zongpei',83628735,'zongpei@u.nus.edu','Block 88 Demsey Road #01-01, Singapore 151234'),('S1800015','Student','','Chua','Paul',84339882,'paulchua@u.nus.edu','Blk 749, Pasir Ris St 71, #09-66, Singapore 151651'),('S1800016','Student','','Chua','Ruixiang',81980545,'ruixiang@u.nus.edu','Blk 12, Dover Close East, #08-208, Singapore 101027'),('S1800017','Student','','Paramesvari','Michelle',81706980,'michelle@u.nus.edu','Blk 27, Marine Crescent, #05-05, Singapore 122345'),('S1800018','Student','','Dai','Chujian',87243735,'chujian@u.nus.edu','Blk 105, Gangsa Road, #02-103, Singapore 090026'),('S1800019','Student','','Lie','Dicky',86899993,'dicky@u.nus.edu','Blk 253, Kim Keat Link, #01-126 Singapore 099310'),('S1800020','Student','','Ding','Yuxing',89246923,'yuxing@u.nus.edu','Blk 671, Woodlands Dr 71 #04-51, Singapore 574045'),('S1800021','Student','','Theingi','Ei',81415656,'eitheingi@u.nus.edu','Blk 56, #08-161 Telok Blangah Heights, Singapore 460109'),('S1800022','Student','','Eng','You Guan',89432116,'youguan@u.nus.edu','Blk 267 Sembawang Drive #08-349 Singapore 670244'),('S1800023','Student','','Er','Jun',81556353,'jun@u.nus.edu','Blk 417, Woodlands St 41, #02-143, Singapore 600232'),('S1800024','Student','','Feng','Yuxi',87539397,'yuxi@u.nus.edu','Blk 26, Bayshore Road, #23-07, Singapore 320099'),('S1800025','Student','','Ganapathi','Sarali',83307138,'sarali@u.nus.edu','Blk 710 Ang Mo Kio Ave 8 #04-2613, Singapore 400020'),('S1800026','Student','','Gao','Jiaxue',84305276,'jiaxue@u.nus.edu','Blk 84, Telok Blangah Heights, #06-323, Singapore 534816'),('S1800027','Student','','Tay','Geraldine',87172124,'geraldine@u.nus.edu','Blk 303, Shunfu Road, #03-59, Singapore 160089'),('S1800028','Student','','Nordin','Hana',89342506,'hana@u.nus.edu','Blk 43, Hindhede Walk, #04-06, Singapore 234088'),('S1800029','Student','','Guo','Haoming',84837301,'haoming@u.nus.edu','Blk 224, Jurong North St 2, #100-01, Singapore 510749'),('S1800030','Student','','Lin','Htet Htet',93578574,'htethtet@u.nus.edu','Blk 24, Telok Blangah Crescent, #14-14, Singapore 210409'),('S1800031','Student','','Hu','Zeyuan',98111711,'zeyuan@u.nus.edu','Blk 208, Toa Payoh North, #08-1271, Singapore 130012'),('S1800032','Student','','Gnanasekaran','Thomas',98456566,'thomas@u.nus.edu','26A, Lengkong Satu, Singapore 201441'),('S1800033','Student','','Wong','Justin',91194530,'justin@u.nus.edu','Blk 673 Bukit Batok St 67 #08-987 Singapore 670105'),('S1800034','Student','','Swe','Kathie',89678999,'kathie@u.nus.edu','Blk 208 Bedok North St 3 #12-234 Singapore 191644'),('S1800035','Student','','Lee','Kaiseng',89811071,'kaiseng@u.nus.edu','Blk 894, Tampines St 81,#10-933,Singapore 730671'),('S1800036','Student','','Li','Chenye',88282736,'chenye@u.nus.edu','3, Kismis Place, Singapore 100056'),('S1800037','Student','','Li','Li',85203632,'li@u.nus.edu','Blk 92, Bedok North Ave 4, #08-1491, Singapore 690267'),('S1800038','Student','','Li','Shiyu',92116876,'shiyu@u.nus.edu','30, Dedap Road, Singapore 730417'),('S1800039','Student','','Ho','Lily',92567625,'lily@u.nus.edu','Blk 835, Hougang Green, #11-221, Singapore 469972'),('S1800040','Student','','Lim','Ronald',97999592,'ronald@u.nus.edu','280, Bedok Road, Singapore 560710'),('S1800041','Student','','Thu Thanh','Lu Thi',93657919,'luthi@u.nus.edu','blk 48 dorset rd #24-111 singapore 100084'),('S1800042','Student','','Sangeetha','Lynn Lynn',97281368,'lynnlynn@u.nus.edu','Blk 612, Clementi West Street 1, #09-290, Singapore 587973'),('S1800043','Student','','Ma','Zeyu',92028194,'zeyu@u.nus.edu','8 Westwood Walk, Singapore 600224'),('S1800044','Student','','Madhumitha','Murali',93019139,'murali@u.nus.edu','Blk 143, Petir road, #07-232, Singapore 090024'),('S1800045','Student','','Thazin Soe','May',94766733,'may@u.nus.edu','6 Dover Rise, #17-11, Singapore 310208'),('S1800046','Student','','Sanicas','Melissa',91138197,'melissa@u.nus.edu','Blk 302, Clementi Ave 4, #05-539, Singapore 417500'),('S1800047','Student','','Osman','Haffian',83189972,'haffian@u.nus.edu','9 Broadrick Road, Singapore 680673'),('S1800048','Student','','Yacob','Iqbal',86176942,'iqbal@u.nus.edu','Blk 25, Towner Road, #04-09, Singapore 440208'),('S1800049','Student','','Yang','Natalie',82641866,'natalieyang@u.nus.edu','Blk 492 Yishun Ave 4 #18-168 Singapore 520894'),('S1800050','Student','','Lee','Natasha',82638079,'natasha@u.nus.edu','503 Elias Road, Singapore 598154'),('S1800051','Student','','Ng','Yan Bo',88542687,'yanbo@u.nus.edu','Blk 315, Ubi Avenue 1, #05-393, Singapore 460092'),('S1800052','Student','','Ng','Cindy',85749299,'cindy@u.nus.edu','Blk 42, Bedok South Road, #05-747, Singapore 809434'),('S1800053','Student','','Nguyen','Ngoc Doan Trang',87283476,'ngocdoantrang@u.nus.edu','Blk 410, Sembawang Drive, #14-768, Singapore 530835'),('S1800054','Student','','Chan','Nyein',82946424,'nyein@u.nus.edu','Blk 26, Telok Blangah Crescent #22-87, Singapore  469437'),('S1800055','Student','','Ong','Hong Dah',87748581,'hongdah@u.nus.edu','Blk 1007 Teresa Ville Lower Delta Road #06-02, Singapore 110410'),('S1800056','Student','','Ong','Cliffton',87019373,'cliffton@u.nus.edu','Blk 63 Bishan St 21 #06-01, Singapore 210048'),('S1800057','Student','','Ow','Emelynn',81839326,'emelynn@u.nus.edu','Blk 109 Bedok North Rd #06-2316, Singapore 120612'),('S1800058','Student','','Ow','Wai Ching',91088949,'waiching@u.nus.edu','Blk 244, Bukit Panjang Ring Road, #11-184, Singapore 648651'),('S1800059','Student','','Narayanasamy','Padmapriya',91911406,'padmapriya@u.nus.edu','Blk 232, Jurong East Street 21 #02-436, Singapore 670143'),('S1800060','Student','','Chowdhary','Parinita',93412789,'parinita@u.nus.edu','Blk 99, Balestier Road, #12-168, Singapore 138678'),('S1800061','Student','','Vallabhbai','Patel',95365366,'patel@u.nus.edu','Blk 20, Eunos Crescent, #04-2965, Singapore 120302'),('S1800062','Student','','Poon','Kip Hoe',91490928,'kiphoe@u.nus.edu','Blk 61, Upper Paya Lebar Road, Singapore 439471'),('S1800063','Student','','Thiruneelakandan','Priyanga',94420081,'priyanga@u.nus.edu','Blk 89, Zion Road, #16-137, Singapore 559668'),('S1800064','Student','','Gupta','Rahul',98012841,'rahul@u.nus.edu','Block 88 Demsey Road #01-01, Singapore 760492'),('S1800065','Student','','Nagendra','Ronith',96479335,'ronith@u.nus.edu','Blk 749, Pasir Ris St 71, #09-66, Singapore 519917'),('S1800066','Student','','Sam','Jing Wen',97137461,'jingwen@u.nus.edu','Blk 12, Dover Close East, #08-208, Singapore 400315'),('S1800067','Student','','Tan','Serene',85697613,'serene@u.nus.edu','Blk 27, Marine Crescent, #05-05, Singapore 460042'),('S1800068','Student','','Selvaraja','Christina',85295331,'christina@u.nus.edu','Blk 105, Gangsa Road, #02-103, Singapore 750610'),('S1800069','Student','','Si Thu','Lin Htut',81121725,'linhtut@u.nus.edu','Blk 253, Kim Keat Link, #01-126 Singapore 142345'),('S1800070','Student','','Soe Yadanar','Ko Htet',88091390,'kohtet@u.nus.edu','Blk 671, Woodlands Dr 71 #04-51, Singapore 180512'),('S1800071','Student','','Sun','Chengyuan',83236252,'chengyuan@u.nus.edu','Blk 56, #08-161 Telok Blangah Heights, Singapore 100410'),('S1800072','Student','','Sun','Mingyi',81225759,'mingyi@u.nus.edu','Blk 267 Sembawang Drive #08-349 Singapore 122369'),('S1800073','Student','','Tan','Qiu Hui',87067904,'qiuhui@u.nus.edu','Blk 417, Woodlands St 41, #02-143, Singapore 132573'),('S1800074','Student','','Tan','Qiyang',81805796,'qiyang@u.nus.edu','Blk 26, Bayshore Road, #23-07, Singapore 151647'),('S1800075','Student','','Tay','Wynne',88306413,'wynne@u.nus.edu','Blk 710 Ang Mo Kio Ave 8 #04-2613, Singapore 162056'),('S1800076','Student','','Teh','Henry',81502848,'henry@u.nus.edu','Blk 84, Telok Blangah Heights, #06-323, Singapore 121004'),('S1800077','Student','','Oo Eain','Thett',95372054,'thett@u.nus.edu','Blk 303, Shunfu Road, #03-59, Singapore 134567'),('S1800078','Student','','Thng','Yuhong',97202405,'yuhong@u.nus.edu','Blk 43, Hindhede Walk, #04-06, Singapore 131234'),('S1800079','Student','','Toh','Ruth',93840045,'ruth@u.nus.edu','Blk 224, Jurong North St 2, #100-01, Singapore 142264'),('S1800080','Student','','Tran','Thuy',94229929,'thuytran@u.nus.edu','Blk 24, Telok Blangah Crescent, #14-14, Singapore 210409'),('S1800081','Student','','Tan','Trinity',99752745,'trinity@u.nus.edu','Blk 208, Toa Payoh North, #08-1271, Singapore 231234'),('S1800082','Student','','Grandhi','Priya',92403914,'priya@u.nus.edu','26A, Lengkong Satu, Singapore 201441'),('S1800083','Student','','Thaw','Wai Yan',96206959,'waiyan@u.nus.edu','Blk 673 Bukit Batok St 67 #08-987 Singapore 101968'),('S1800084','Student','','Wan','Dixon',95915544,'dixon@u.nus.edu','Blk 208 Bedok North St 3 #12-234 Singapore 191644'),('S1800085','Student','','Wang','Futong',97305555,'futong@u.nus.edu','Blk 894, Tampines St 81,#10-933,Singapore 101646'),('S1800086','Student','','Wang','Qiang',99808698,'qiang@u.nus.edu','3, Kismis Place, Singapore 215921'),('S1800087','Student','','Wang','Yafeng',95447378,'yafeng@u.nus.edu','Blk 92, Bedok North Ave 4, #08-1491, Singapore 164612'),('S1800088','Student','','Wu','Di',82901632,'wudi@u.nus.edu','30, Dedap Road, Singapore 288001'),('S1800089','Student','','Chen','Wu-Chi',85630358,'wuchi@u.nus.edu','Blk 835, Hougang Green, #11-221, Singapore 195312'),('S1800090','Student','','Xu','Mingjie',89371477,'mingjie@u.nus.edu','280, Bedok Road, Singapore 164612'),('S1800091','Student','','Yan','Yuhan',84314504,'yuhan@u.nus.edu','Blk 48 Dorset Rd #24-111 Singapore 082112'),('S1800092','Student','','Yang','Kaiting',81474203,'kaiting@u.nus.edu','Blk 612, Clementi West Street 1, #09-290, Singapore 261213'),('S1800093','Student','','Yao','Jingyi',85413125,'jingyi@u.nus.edu','8 Westwood Walk, Singapore 123415'),('S1800094','Student','','Palanisamy','Yazhini',89057146,'yazhini@u.nus.edu','Blk 143, Petir road, #07-232, Singapore 322612'),('S1800095','Student','','Yu','Dongyang',87939294,'dongyang@u.nus.edu','6 Dover Rise, #17-11, Singapore 123415'),('S1800096','Student','','Yu','You Guan',84369876,'youguan@u.nus.edu','Blk 302, Clementi Ave 4, #05-539, Singapore 030216'),('S1800097','Student','','Tun','Zan',91986853,'zantun@u.nus.edu','9 Broadrick Road, Singapore 154314'),('S1800098','Student','','Aung','Zar',91138535,'zaraung@u.nus.edu','Blk 25, Towner Road, #04-09, Singapore 234516'),('S1800099','Student','','Zhang','Junshun',96401196,'junshun@u.nus.edu','Blk 492 Yishun Ave 4 #18-168 Singapore 277615'),('S1800100','Student','','Zhang','Xuechen',96097132,'xuechen@u.nus.edu','503 Elias Road, Singapore 185112'),('S1800101','Student','','Zhang','Yueliang',97695177,'yueliang@u.nus.edu','Blk 315, Ubi Avenue 1, #05-393, Singapore 123499'),('S1800102','Student','','Zhao','Pengkai',98228548,'pengkai@u.nus.edu','Blk 42, Bedok South Road, #05-747, Singapore 164677'),('S1800103','Student','','Zhao','Yiran',91640215,'yiran@u.nus.edu','Blk 410, Sembawang Drive, #14-768, Singapore 167566'),('S1800104','Student','','Zhou','Haiming',97852168,'haiming@u.nus.edu','Blk 26, Telok Blangah Crescent #22-87, Singapore  120409'),('S1800105','Student','','Zhou','Jilun',96096690,'jilun@u.nus.edu','Blk 1007 Teresa Ville Lower Delta Road #06-02, Singapore 110410'),('S1800106','Student','','Zhou','Menghan',93115312,'menghan@u.nus.edu','Blk 63 Bishan St 21 #06-01, Singapore 121057'),('S1800107','Student','','Zhou','Shuxian',96760928,'shuxian@u.nus.edu','Blk 109 Bedok North Rd #06-2316, Singapore 111046'),('S1800108','Student','','Zhou','Yuhan',88591714,'yuhan@u.nus.edu','Blk 244, Bukit Panjang Ring Road, #11-184, Singapore 202367'),('﻿A0000001','Admin','','Tan','Li Rong',98345478,'lirong@nus.edu.sg','Blk 27, Marine Crescent, #05-05, Singapore 122345');
/*!40000 ALTER TABLE `user` ENABLE KEYS */;
UNLOCK TABLES;

--
-- Dumping events for database 'capsdb'
--
/*!40103 SET TIME_ZONE=@OLD_TIME_ZONE */;

/*!40101 SET SQL_MODE=@OLD_SQL_MODE */;
/*!40014 SET FOREIGN_KEY_CHECKS=@OLD_FOREIGN_KEY_CHECKS */;
/*!40014 SET UNIQUE_CHECKS=@OLD_UNIQUE_CHECKS */;
/*!40101 SET CHARACTER_SET_CLIENT=@OLD_CHARACTER_SET_CLIENT */;
/*!40101 SET CHARACTER_SET_RESULTS=@OLD_CHARACTER_SET_RESULTS */;
/*!40101 SET COLLATION_CONNECTION=@OLD_COLLATION_CONNECTION */;
/*!40111 SET SQL_NOTES=@OLD_SQL_NOTES */;

-- Dump completed on 2018-12-07 23:55:58
